{"schemaVersion":"1.0","appDefinitionTemplate":{"id":"/providers/Microsoft.PowerApps/apps/","type":"Microsoft.PowerApps/apps","tags":{"primaryDeviceWidth":"640","primaryDeviceHeight":"1136","supportsPortrait":"true","supportsLandscape":"false","primaryFormFactor":"Phone","publisherVersion":"3.22122.15","minimumRequiredApiVersion":"2.2.0","hasComponent":"false","hasUnlockedComponent":"false","isUnifiedRootApp":"false","sienaVersion":"20221229T195926Z-3.22122.15.0"},"properties":{"appVersion":"2022-12-29T19:59:26Z","lifeCycleId":"Published","createdByClientVersion":{"major":3,"minor":22122,"build":15,"revision":0,"majorRevision":0,"minorRevision":0},"minClientVersion":{"major":3,"minor":22122,"build":15,"revision":0,"majorRevision":0,"minorRevision":0},"backgroundColor":"RGBA(0,176,240,1)","backgroundImageUri":"/13624831566520704773/Ne8842853-6c86-4c68-b774-bd17adcaf765-logoSmallFile","displayName":"Help_Desk_04","description":"","commitMessage":"","appUris":{"documentUri":{"value":"/13624831566520704773/N984f49e4-9fdb-4fbe-bc28-5a5e988223c7-document.msapp"},"imageUris":[],"additionalUris":[]},"createdTime":"0001-01-01T00:00:00Z","lastModifiedTime":"0001-01-01T00:00:00Z","sharedGroupsCount":0,"sharedUsersCount":0,"icons":{"smallIconUri":"/13624831566520704773/Nb5e0b2c5-48dc-490e-aa55-d8d973cbcf84-small.png","mediumIconUri":"/13624831566520704773/Naa9a5c72-ee20-4b57-ba67-794be62aa344-medium.png","largeIconUri":"/13624831566520704773/N2855ebf9-c934-4cf2-92f7-0741df30dca9-large.png","wideIconUri":"/13624831566520704773/N6cfd7063-f6d7-4af0-a17b-522adb015f6d-wide.png"},"connectionReferences":{"ff18bc1f-8075-4e48-b5f1-63a22b275810":{"id":"e74e902c-017b-455e-b021-60a7e063bae7","displayName":"Office 365 Users","iconUri":"https://connectoricons-prod.azureedge.net/releases/v1.0.1611/1.0.1611.3104/office365users/icon.png","dataSources":["Office365Users"],"dependencies":[],"dependents":[],"parameterHints":{},"parameterHintsV2":{},"isOnPremiseConnection":false,"bypassConsent":false,"dataSets":{},"apiTier":"Standard","isCustomApiConnection":false,"actions":["MyProfile","SearchUser"]}},"databaseReferences":{},"almMode":"Environment","performanceOptimizationEnabled":true,"canConsumeAppPass":true,"enableModernRuntimeMode":false,"executionRestrictions":{"isTeamsOnly":false,"dataLossPreventionEvaluationResult":{"status":"Compliant","lastEvaluationDate":"2022-12-28T09:25:22.944938Z","violations":[],"violationsByPolicy":[],"violationErrorMessage":"The app uses the following connectors: shared_office365users."}}},"appType":"ClassicCanvasApp","appComponents":[]}}